name,email,password
Alice Silva,alice.silva1@email.com,senha123
Bruno Costa,bruno.costa2@email.com,senha123
Carla Souza,carla.souza3@email.com,senha123
Daniel Lima,daniel.lima4@email.com,senha123
Eduarda Rocha,eduarda.rocha5@email.com,senha123
Felipe Alves,felipe.alves6@email.com,senha123
Gabriela Pinto,gabriela.pinto7@email.com,senha123
Henrique Dias,henrique.dias8@email.com,senha123
Isabela Ramos,isabela.ramos9@email.com,senha123
João Martins,joao.martins10@email.com,senha123
Karla Teixeira,karla.teixeira11@email.com,senha123
Lucas Fernandes,lucas.fernandes12@email.com,senha123
Marina Barros,marina.barros13@email.com,senha123
Nicolas Azevedo,nicolas.azevedo14@email.com,senha123
Olivia Cardoso,olivia.cardoso15@email.com,senha123
Paulo Moreira,paulo.moreira16@email.com,senha123
Quésia Farias,quesia.farias17@email.com,senha123
Rafael Gomes,rafael.gomes18@email.com,senha123
Sabrina Melo,sabrina.melo19@email.com,senha123
Thiago Pires,thiago.pires20@email.com,senha123
Ursula Nunes,ursula.nunes21@email.com,senha123
Vitor Castro,vitor.castro22@email.com,senha123
Wesley Braga,wesley.braga23@email.com,senha123
Xuxa Duarte,xuxa.duarte24@email.com,senha123
Yasmin Freitas,yasmin.freitas25@email.com,senha123
Zeca Torres,zeca.torres26@email.com,senha123
Ana Paula,ana.paula27@email.com,senha123
Beto Lira,beto.lira28@email.com,senha123
Camila Reis,camila.reis29@email.com,senha123
Diego Tavares,diego.tavares30@email.com,senha123
Elisa Prado,elisa.prado31@email.com,senha123
Fabio Cunha,fabio.cunha32@email.com,senha123
Giovana Lopes,giovana.lopes33@email.com,senha123
Heitor Sales,heitor.sales34@email.com,senha123
Ivana Brito,ivana.brito35@email.com,senha123
Jorge Sena,jorge.sena36@email.com,senha123
Kelly Moura,kelly.moura37@email.com,senha123
Leandro Furtado,leandro.furtado38@email.com,senha123
Marta Viana,marta.viana39@email.com,senha123
Natália Peixoto,natalia.peixoto40@email.com,senha123
Otávio Silveira,otavio.silveira41@email.com,senha123
Priscila Diniz,priscila.diniz42@email.com,senha123
Renato Bastos,renato.bastos43@email.com,senha123
Simone Gadelha,simone.gadelha44@email.com,senha123
Tadeu Amaral,tadeu.amaral45@email.com,senha123
Ubirajara Luz,ubirajara.luz46@email.com,senha123
Valéria Borges,valeria.borges47@email.com,senha123
William Rocha,william.rocha48@email.com,senha123
Ximena Lopes,ximena.lopes49@email.com,senha123
Yuri Barreto,yuri.barreto50@email.com,senha123
